ID,CK_7,CK_14,CK_24,0.5N_5,0.5N_10,0.5N_15,1N_6,1N_9,1N_13,0.5SS_8,0.5SS_4,0.5SS_12,1SS_2,1SS_20,1SS_22,2SS_1,2SS_17,2SS_21,4SS_11,4SS_16,4SS_19,1CM_3,1CM_8,1CM_23
k__Bacteria|p__Actinobacteria|c__Actinobacteria|o__Corynebacteriales|f__Gordoniaceae|g__Gordonia|s__Gordonia_terrae,0,0,0,0,0,0,0.0051176,0,0,0,0,0,0,0,0,0,0,0,0,0,0,0,0,0
k__Bacteria|p__Actinobacteria|c__Actinobacteria|o__Corynebacteriales|f__Mycobacteriaceae|g__Mycolicibacterium|s__Mycolicibacterium_bacteremicum,0,0,0,0.0022346,0,0,0,0,0.0049013,0,0,0,0,0,0,0,0,0,0.0010488,0,0,0,0,0
k__Bacteria|p__Actinobacteria|c__Actinobacteria|o__Corynebacteriales|f__Mycobacteriaceae|g__Mycolicibacterium|s__Mycolicibacterium_elephantis,0,0,0,0,0,0,0,0,0,0,0,0,0,0,0,0,0,0,0.0023094,0.0030239,0.0036492,0,0,0
k__Bacteria|p__Actinobacteria|c__Actinobacteria|o__Corynebacteriales|f__Mycobacteriaceae|g__Mycolicibacterium|s__Mycolicibacterium_thermoresistibile,0,0,0,0,0,0,0,0,0,0,0,0,0.0089533,0,0,0.0118882,0.001102,0,0.0213415,0.0197644,0.0963699,0,0,0
k__Bacteria|p__Actinobacteria|c__Actinobacteria|o__Corynebacteriales|f__Mycobacteriaceae|g__Mycolicibacterium|s__Mycolicibacterium_tokaiense,0,0,0,0,0,0,0,0,0,0,0,0,0,0,0,0,0,0,0,0.0036712,0,0,0,0
k__Bacteria|p__Actinobacteria|c__Actinobacteria|o__Corynebacteriales|f__Mycobacteriaceae|g__Mycolicibacterium|s__Mycolicibacterium_tusciae,0,0,0,0.0017994,0,0,0,0,0,0,0,0,0,0,0,0,0.0022683,0,0.0044388,0.0073828,0.0020009,0.0011837,0,0
k__Bacteria|p__Actinobacteria|c__Actinobacteria|o__Geodermatophilales|f__Geodermatophilaceae|g__Geodermatophilus|s__Geodermatophilus_obscurus,0.0049928,0.0251172,0.0062439,0.0136287,0.0055031,0.018201,0.0195836,0.0161965,0.0197039,0.0153193,0,0.0062544,0,0.0048237,0,0.0108741,0.0035682,0,0.002494,0.0029717,0,0.0022907,0.0041899,0
k__Bacteria|p__Actinobacteria|c__Actinobacteria|o__Micrococcales|f__Cellulomonadaceae|g__Cellulomonas|s__Cellulomonas_cellasea,0,0,0,0,0,0,0,0,0,0,0,0.0045383,0,0,0,0.0065798,0,0,0,0,0,0,0,0
k__Bacteria|p__Actinobacteria|c__Actinobacteria|o__Micrococcales|f__Intrasporangiaceae|g__Knoellia|s__Knoellia_aerolata,0,0,0,0,0,0,0,0,0,0,0.0038563,0,0,0,0,0.0140845,0,0,0.0092804,0.0011518,0.0007128,0,0,0
k__Bacteria|p__Actinobacteria|c__Actinobacteria|o__Micrococcales|f__Micrococcaceae|g__Arthrobacter|s__Arthrobacter_crystallopoietes,0,0,0,0,0,0,0,0.0029365,0,0,0,0,0,0,0,0,0,0,0.0022094,0,0,0,0,0
k__Bacteria|p__Actinobacteria|c__Actinobacteria|o__Micrococcales|f__Micrococcaceae|g__Arthrobacter|s__Arthrobacter_sp_Leaf69,0,0,0,0,0,0,0,0,0,0,0,0,0,0,0,0.001191,0.0048142,0,0.0026269,0.0009909,0,0,0,0
k__Bacteria|p__Actinobacteria|c__Actinobacteria|o__Micrococcales|f__Micrococcaceae|g__Kocuria|s__Kocuria_polaris,0.0313119,0.2396231,0.0281122,0.1049143,0.0420736,0,0.0398888,0.0457066,0.0089577,0,0,0.0124058,0,0.0089375,0,0.0445951,0,0,0.0122986,0.0015173,0.0051424,0.0300399,0,0.006283
k__Bacteria|p__Actinobacteria|c__Actinobacteria|o__Micrococcales|f__Micrococcaceae|g__Kocuria|s__Kocuria_rosea,0,0,0.0277898,0.0130388,0,0.0169822,0,0,0.0157033,0.0168295,0,0.0120917,0,0,0,0.020114,0,0.002039,0,0.0013666,0.0048317,0,0.0303932,0
k__Bacteria|p__Actinobacteria|c__Actinobacteria|o__Micrococcales|f__Micrococcaceae|g__Pseudarthrobacter|s__Pseudarthrobacter_phenanthrenivorans,0,0,0,0,0,0,0,0,0,0.007499,0,0,0,0,0,0,0,0,0,0,0,0,0,0
k__Bacteria|p__Actinobacteria|c__Actinobacteria|o__Micrococcales|f__Promicromonosporaceae|g__Cellulosimicrobium|s__Cellulosimicrobium_cellulans,0,0,0.0012031,0.0022396,0.0031096,0.0133121,0.0471559,0.0081534,0.0074457,0.0122409,0.0057656,0.0111014,0.0249946,0.0066041,0.0114843,0.0234173,0.0224858,0.0204715,0.0357605,0.0209962,0.0039315,0.0163647,0.0303638,0.2459542
k__Bacteria|p__Actinobacteria|c__Actinobacteria|o__Micrococcales|f__Promicromonosporaceae|g__Promicromonospora|s__Promicromonospora_sukumoe,0,0,0,0,0,0,0,0,0,0,0,0,0,0.003209,0,0,0,0,0.0014614,0.0014939,0,0,0,0
k__Bacteria|p__Actinobacteria|c__Actinobacteria|o__Micrococcales|f__Promicromonosporaceae|g__Promicromonospora|s__Promicromonospora_thailandica,0,0,0,0.0043028,0,0,0,0,0,0,0,0,0,0,0,0,0,0,0,0.006424,0,0,0,0
k__Bacteria|p__Actinobacteria|c__Actinobacteria|o__Propionibacteriales|f__Nocardioidaceae|g__Nocardioidaceae_unclassified|s__Nocardioidaceae_bacterium_Broad_1,0,0,0.0141986,0,0,0,0,0,0,0,0,0,0,0,0,0,0,0,0,0,0,0,0,0
k__Bacteria|p__Actinobacteria|c__Actinobacteria|o__Propionibacteriales|f__Nocardioidaceae|g__Thermasporomyces|s__Thermasporomyces_composti,0,0,0,0,0,0,0,0,0,0,0,0,0,0,0,0,0,0,0,0,0.0041852,0,0,0
k__Bacteria|p__Actinobacteria|c__Actinobacteria|o__Pseudonocardiales|f__Pseudonocardiaceae|g__Saccharomonospora|s__Saccharomonospora_azurea,0,0,0,0,0,0,0,0,0,0,0,0.0564489,0,0,0,0,0,0,0,0,0,0,0,0
k__Bacteria|p__Actinobacteria|c__Actinobacteria|o__Pseudonocardiales|f__Pseudonocardiaceae|g__Saccharomonospora|s__Saccharomonospora_viridis,0,0,0,0,0,0,0,0,0,0,0,0.0098877,0.0589436,0.0349296,0.0391534,0.0678588,0.0892022,0.1302713,0.1221005,0.0981629,0.1078952,0.02883,0.1093503,0.0048827
k__Bacteria|p__Actinobacteria|c__Actinobacteria|o__Streptomycetales|f__Streptomycetaceae|g__Streptomyces|s__Streptomyces_amritsarensis,0.0100835,0,0,0,0.0035394,0,0,0,0,0,0,0,0,0,0,0,0,0,0,0,0,0,0,0
k__Bacteria|p__Actinobacteria|c__Actinobacteria|o__Streptomycetales|f__Streptomycetaceae|g__Streptomyces|s__Streptomyces_griseus,0,0,0,0,0,0,0,0,0,0,0,0,0,0,0,0,0,0,0,0,0,0,0,0.0127693
k__Bacteria|p__Actinobacteria|c__Actinobacteria|o__Streptomycetales|f__Streptomycetaceae|g__Streptomyces|s__Streptomyces_nigra,0,0,0,0,0,0,0,0,0,0,0,0,0,0,0,0,0,0,0,0.0210179,0,0,0.0236153,0
k__Bacteria|p__Actinobacteria|c__Actinobacteria|o__Streptomycetales|f__Streptomycetaceae|g__Streptomyces|s__Streptomyces_sp_F_3,0,0,0,0,0,0,0,0,0,0,0,0,0,0,0,0.0030327,0,0,0.0089319,0.0053528,0.0207462,0,0,0
k__Bacteria|p__Actinobacteria|c__Actinobacteria|o__Streptosporangiales|f__Nocardiopsaceae|g__Thermobifida|s__Thermobifida_fusca,0,0,0,0,0,0,0,0,0,0,0,0,0,0,0,0,0,0,0,0,0,0,0.0036922,0
k__Bacteria|p__Actinobacteria|c__Actinobacteria|o__Streptosporangiales|f__Streptosporangiaceae|g__Nonomuraea|s__Nonomuraea_fuscirosea,0,0,0,0,0,0,0,0,0,0,0,0,0,0,0,0,0,0,0.000578,0,0,0,0.0098172,0
k__Bacteria|p__Actinobacteria|c__Actinobacteria|o__Streptosporangiales|f__Streptosporangiaceae|g__Nonomuraea|s__Nonomuraea_maritima,0,0,0,0,0,0,0,0,0,0,0,0,0,0,0,0,0,0,0.0011452,0,0,0,0,0
k__Bacteria|p__Actinobacteria|c__Thermoleophilia|o__Solirubrobacterales|f__Patulibacteraceae|g__Patulibacter|s__Patulibacter_medicamentivorans,0.0021877,0.0018681,0.0014974,0.0033658,0.0040965,0,0.0032692,0.0084203,0.0068498,0.0079728,0.0061472,0.0089589,0.007671,0.0034615,0.0086248,0.0075707,0.0084752,0.009142,0.0059175,0.0034868,0.0042312,0.0032798,0.0054111,0.0061983
k__Bacteria|p__Actinobacteria|c__Thermoleophilia|o__Thermoleophilales|f__Thermoleophilaceae|g__Thermoleophilum|s__Thermoleophilum_album,0.0219683,0.0329924,0.0299424,0.0173832,0.0217155,0.0561522,0.0206507,0.024008,0.0371205,0.0348804,0.0118995,0.0366992,0.0354136,0.0381744,0.0254817,0.0228488,0.0526728,0.0520013,0.0302742,0.0112961,0.0136196,0.0173094,0.0347103,0.021394
k__Bacteria|p__Bacteroidetes|c__Flavobacteriia|o__Flavobacteriales|f__Flavobacteriaceae|g__Chryseobacterium|s__Chryseobacterium_wanjuense,0.0040122,0,0,0,0,0,0,0,0,0,0,0,0,0,0,0,0,0,0,0,0,0,0,0
k__Bacteria|p__Bacteroidetes|c__Sphingobacteriia|o__Sphingobacteriales|f__Sphingobacteriaceae|g__Sphingobacterium|s__Sphingobacterium_cellulitidis,0,0,0,0,0,0,0,0,0,0,0,0,0,0,0,0,0,0,0,0,0,0,0,0.0240492
k__Bacteria|p__Chloroflexi|c__Chloroflexia|o__Chloroflexales|f__Roseiflexaceae|g__Kouleothrix|s__Kouleothrix_aurantiaca,0.0058668,0,0.0189265,0.0101828,0.0183372,0,0.0064248,0.0025384,0.0031511,0,0.0082207,0.0031965,0.007122,0.0030346,0,0.0118058,0.0036334,0,0.001237,0,0,0,0.0032942,0
k__Bacteria|p__Chloroflexi|c__Thermomicrobia|o__Sphaerobacterales|f__Sphaerobacteraceae|g__Nitrolancea|s__Nitrolancea_hollandica,0.0140226,0.0411384,0.0746706,0.0310901,0.0131837,0.0163476,0.0209837,0.0512634,0.0338001,0.0201667,0.0097846,0.0043478,0.0091485,0.0217668,0.0237664,0,0.0168109,0.0225213,0.0061838,0.0040149,0.0019513,0.0125977,0,0
k__Bacteria|p__Chloroflexi|c__Thermomicrobia|o__Sphaerobacterales|f__Sphaerobacteraceae|g__Sphaerobacter|s__Sphaerobacter_thermophilus,0,0,0,0,0,0,0,0,0,0,0,0,0,0,0,0,0,0,0,0,0.0067463,0,0,0
k__Bacteria|p__Firmicutes|c__Bacilli|o__Bacillales|f__Bacillaceae|g__Bacillus|s__Bacillus_altitudinis,0,0,0,0,0,0,0,0,0,0,0,0,0,0,0,0,0,0,0.0067869,0,0,0,0,0
k__Bacteria|p__Firmicutes|c__Bacilli|o__Bacillales|f__Bacillaceae|g__Bacillus|s__Bacillus_cereus_group,0,0,0,0,0,0,0,0,0,0,0,0,0,0,0,0,0,0,0.0012438,0,0,0,0,0
k__Bacteria|p__Firmicutes|c__Bacilli|o__Bacillales|f__Bacillaceae|g__Bacillus|s__Bacillus_litoralis,0,0,0,0,0,0,0,0,0,0,0,0,0,0,0,0,0,0,0,0,0,0.0032115,0,0
k__Bacteria|p__Firmicutes|c__Bacilli|o__Bacillales|f__Bacillaceae|g__Bacillus|s__Bacillus_simplex,0,0.0041194,0,0,0.0139435,0,0,0,0.0131183,0,0,0,0,0,0,0,0.0211167,0,0.0164559,0.0111191,0.0063941,0.0253295,0.0030347,0
k__Bacteria|p__Firmicutes|c__Bacilli|o__Bacillales|f__Bacillaceae|g__Quasibacillus|s__Quasibacillus_thermotolerans,0,0,0,0,0,0,0,0,0,0,0,0,0,0,0,0.0088312,0,0,0.0199609,0.0107901,0.0328221,0,0,0
k__Bacteria|p__Firmicutes|c__Bacilli|o__Bacillales|f__Bacillales_unclassified|g__Exiguobacterium|s__Exiguobacterium_acetylicum,0,0,0,0,0,0,0,0,0,0,0,0,0,0,0,0,0,0,0,0.0026521,0,0,0,0
k__Bacteria|p__Firmicutes|c__Bacilli|o__Bacillales|f__Bacillales_unclassified|g__Exiguobacterium|s__Exiguobacterium_indicum,0,0,0,0,0,0,0,0,0,0,0,0,0,0,0,0,0,0,0,0.0123948,0,0,0,0
k__Bacteria|p__Firmicutes|c__Bacilli|o__Bacillales|f__Paenibacillaceae|g__Paenibacillus|s__Paenibacillus_amylolyticus,0,0,0,0,0,0,0,0,0,0,0,0,0,0.0134492,0,0,0,0,0,0,0,0,0,0
k__Bacteria|p__Firmicutes|c__Bacilli|o__Bacillales|f__Thermoactinomycetaceae|g__Melghirimyces|s__Melghirimyces_thermohalophilus,0,0,0,0,0,0,0,0,0,0,0,0,0,0,0,0,0,0,0,0.0008488,0,0.0592475,0.0159198,0
k__Bacteria|p__Firmicutes|c__Bacilli|o__Bacillales|f__Thermoactinomycetaceae|g__Novibacillus|s__Novibacillus_thermophilus,0,0,0,0,0,0,0,0,0,0,0,0,0,0,0.0181094,0.0214159,0,0,0.0162325,0.0161758,0.0168915,0.0242499,0.0056388,0
k__Bacteria|p__Firmicutes|c__Bacilli|o__Bacillales|f__Thermoactinomycetaceae|g__Planifilum|s__Planifilum_fimeticola,0,0,0,0,0,0,0,0,0,0,0,0,0.0019793,0.004043,0,0.0134865,0.0018457,0.0060498,0.027385,0.0424749,0.0815358,0,0,0
k__Bacteria|p__Firmicutes|c__Bacilli|o__Bacillales|f__Thermoactinomycetaceae|g__Planifilum|s__Planifilum_fulgidum,0,0,0,0,0,0,0,0,0,0,0,0.007717,0.016287,0,0.0340205,0.0326976,0.0549196,0.0232967,0.066405,0.0592001,0.1158483,0,0,0
k__Bacteria|p__Firmicutes|c__Bacilli|o__Lactobacillales|f__Streptococcaceae|g__Streptococcus|s__Streptococcus_suis,0.0025717,0,0,0,0,0.0919953,0.0036983,0,0,0,0,0,0,0,0,0,0,0,0.0018792,0.0015272,0.0087794,0,0,0
k__Bacteria|p__Planctomycetes|c__Planctomycetia|o__Planctomycetales|f__Gemmataceae|g__Fimbriiglobus|s__Fimbriiglobus_ruber,0,0.0056571,0.0095332,0.0225845,0.0094448,0.0156376,0.007433,0.0143115,0.0208179,0.0082057,0.0250883,0.0079141,0.0177308,0.0067958,0.0402933,0.0031206,0.0170382,0.0092009,0.0031337,0.007745,0.0070206,0.0155469,0.0267352,0.0106869
k__Bacteria|p__Planctomycetes|c__Planctomycetia|o__Planctomycetales|f__Isosphaeraceae|g__Paludisphaera|s__Paludisphaera_borealis,0.0081515,0.0068546,0.0085524,0.0069226,0.0115476,0.0062168,0,0.008536,0.0107005,0.0096596,0.0109281,0.0046042,0.0154785,0,0.0135405,0.0120394,0.0024694,0.007672,0.0039663,0.0068747,0.0067364,0.0035966,0.0104292,0
k__Bacteria|p__Planctomycetes|c__Planctomycetia|o__Planctomycetales|f__Isosphaeraceae|g__Singulisphaera|s__Singulisphaera_acidiphila,0,0.0075512,0,0,0,0,0,0.0186608,0,0,0,0,0,0,0,0.0032412,0,0,0,0.0013493,0,0,0,0
k__Bacteria|p__Proteobacteria|c__Alphaproteobacteria|o__Rhizobiales|f__Bradyrhizobiaceae|g__Afipia|s__Afipia_sp_Root123D2,0,0,0,0,0,0,0,0,0,0,0,0,0,0,0,0,0,0,0.0101181,0.0039452,0.0158699,0,0,0
k__Bacteria|p__Proteobacteria|c__Alphaproteobacteria|o__Rhizobiales|f__Bradyrhizobiaceae|g__Bosea|s__Bosea_sp_Leaf344,0.006533,0.0283539,0,0,0,0.0070722,0,0,0,0.012686,0,0,0,0,0,0,0,0,0,0,0,0,0,0
k__Bacteria|p__Proteobacteria|c__Alphaproteobacteria|o__Rhizobiales|f__Bradyrhizobiaceae|g__Bosea|s__Bosea_vaviloviae,0,0,0,0,0,0,0,0,0,0,0,0,0,0,0,0,0,0,0,0,0,0,0,0.0106263
k__Bacteria|p__Proteobacteria|c__Alphaproteobacteria|o__Rhizobiales|f__Bradyrhizobiaceae|g__Bradyrhizobium|s__Bradyrhizobium_icense,0,0,0,0.0061856,0,0,0,0,0.0014258,0,0,0,0,0.0014494,0,0,0,0,0,0,0,0,0,0
k__Bacteria|p__Proteobacteria|c__Alphaproteobacteria|o__Rhizobiales|f__Bradyrhizobiaceae|g__Nitrobacter|s__Nitrobacter_vulgaris,0,0,0,0,0,0,0,0,0,0,0,0,0,0,0,0,0,0,0,0.0008891,0,0,0,0
k__Bacteria|p__Proteobacteria|c__Alphaproteobacteria|o__Rhizobiales|f__Phyllobacteriaceae|g__Aminobacter|s__Aminobacter_aminovorans,0,0,0,0,0,0,0,0,0,0,0,0,0,0,0,0,0,0,0,0,0,0.018384,0,0.0164895
k__Bacteria|p__Proteobacteria|c__Alphaproteobacteria|o__Rhizobiales|f__Phyllobacteriaceae|g__Mesorhizobium|s__Mesorhizobium_alhagi,0.0491951,0.0433359,0.0291012,0.0491933,0.0504332,0.0619807,0.0571847,0.0877116,0.0593632,0.0650287,0.0524904,0.0432831,0.0414303,0.1198563,0.1012453,0.0406879,0.0640486,0.1005873,0.0424479,0.022563,0.0300871,0.047017,0.0716887,0.0499609
k__Bacteria|p__Proteobacteria|c__Alphaproteobacteria|o__Rhizobiales|f__Rhizobiaceae|g__Ensifer|s__Ensifer_adhaerens,0.0223371,0,0.0042114,0,0,0,0,0,0,0.0441099,0,0,0,0,0,0.0019794,0,0,0,0,0,0,0,0.0038717
k__Bacteria|p__Proteobacteria|c__Alphaproteobacteria|o__Rhizobiales|f__Rhizobiaceae|g__Rhizobium|s__Rhizobium_pusense,0,0,0,0,0,0,0,0,0,0,0,0,0,0,0,0,0,0,0,0,0,0.0114069,0,0
k__Bacteria|p__Proteobacteria|c__Alphaproteobacteria|o__Rhizobiales|f__Rhizobiaceae|g__Sinorhizobium|s__Sinorhizobium_fredii,0,0,0,0,0,0,0.0031559,0,0,0,0,0,0,0,0,0,0,0,0,0,0,0,0,0
k__Bacteria|p__Proteobacteria|c__Alphaproteobacteria|o__Rhizobiales|f__Rhizobiaceae|g__Sinorhizobium|s__Sinorhizobium_meliloti,0.0042596,0,0.0360685,0.0124749,0,0,0.0035654,0,0.0198879,0,0,0.003363,0,0,0,0.0204761,0,0,0.0007085,0.0013036,0.0070391,0,0,0
k__Bacteria|p__Proteobacteria|c__Alphaproteobacteria|o__Rhizobiales|f__Rhizobiales_unclassified|g__Methyloceanibacter|s__Methyloceanibacter_marginalis,0,0,0,0,0.0015867,0,0.0023246,0.0028651,0.0008629,0.0052949,0,0.0137633,0.0055692,0.0223526,0.0055683,0.0458642,0.021244,0.0279481,0.0582183,0.0359142,0.0743779,0,0,0
k__Bacteria|p__Proteobacteria|c__Alphaproteobacteria|o__Rhizobiales|f__Rhizobiales_unclassified|g__Methyloceanibacter|s__Methyloceanibacter_superfactus,0,0,0,0,0,0,0.0014838,0,0,0.003075,0,0,0,0.0027034,0,0.0056782,0.0030859,0.0043726,0.0025126,0.0041058,0.0036782,0,0,0
k__Bacteria|p__Proteobacteria|c__Alphaproteobacteria|o__Rhizobiales|f__Xanthobacteraceae|g__Starkeya|s__Starkeya_novella,0,0,0,0,0.0112525,0,0,0.0446287,0,0,0.0153262,0,0,0.0125335,0,0.0075378,0,0,0.0100354,0.016247,0,0,0,0
k__Bacteria|p__Proteobacteria|c__Alphaproteobacteria|o__Rhodobacterales|f__Rhodobacteraceae|g__Rhodobacter|s__Rhodobacter_johrii,0,0,0,0,0,0,0,0,0,0,0,0.0525252,0,0,0,0.0076597,0,0,0,0,0,0,0,0
k__Bacteria|p__Proteobacteria|c__Alphaproteobacteria|o__Rhodospirillales|f__Rhodospirillaceae|g__Inquilinus|s__Inquilinus_limosus,0,0,0,0,0,0,0,0.0225489,0,0,0,0,0,0,0,0,0,0,0,0,0,0,0,0
k__Bacteria|p__Proteobacteria|c__Alphaproteobacteria|o__Rhodospirillales|f__Rhodospirillaceae|g__Skermanella|s__Skermanella_aerolata,0.0044262,0.0113439,0.0440854,0.0367695,0.0219775,0.0101736,0.0129679,0.0075656,0.0179328,0.0143593,0.0358214,0.0571707,0.0325993,0.0042329,0,0.0199582,0.0145256,0.0260033,0.0128975,0.0029199,0,0.0181255,0.0158787,0.0017618
k__Bacteria|p__Proteobacteria|c__Alphaproteobacteria|o__Rhodospirillales|f__Rhodospirillales_unclassified|g__Rhodospirillales_unclassified|s__Rhodospirillales_bacterium_URHD0017,0.0056006,0,0,0.002711,0,0.0015776,0,0,0,0.0012087,0.0028558,0,0,0,0,0.0033462,0,0,0,0,0,0.000611,0.0011439,0
k__Bacteria|p__Proteobacteria|c__Alphaproteobacteria|o__Sphingomonadales|f__Sphingomonadaceae|g__Sphingobium|s__Sphingobium_yanoikuyae,0.2103102,0,0,0,0,0,0,0,0,0,0,0,0,0,0,0,0,0,0,0,0,0,0,0
k__Bacteria|p__Proteobacteria|c__Alphaproteobacteria|o__Sphingomonadales|f__Sphingomonadaceae|g__Sphingopyxis|s__Sphingopyxis_sp_LC363,0,0,0,0,0,0,0,0.0135539,0,0,0,0,0,0,0,0,0,0,0,0,0,0,0,0
k__Bacteria|p__Proteobacteria|c__Alphaproteobacteria|o__Sphingomonadales|f__Sphingomonadaceae|g__Sphingosinicella|s__Sphingosinicella_sp_QZX222,0,0,0,0,0,0,0,0.0127608,0,0,0,0,0,0,0,0,0,0,0,0,0,0,0,0
k__Bacteria|p__Proteobacteria|c__Betaproteobacteria|o__Burkholderiales|f__Alcaligenaceae|g__Achromobacter|s__Achromobacter_denitrificans,0,0,0,0,0,0,0,0,0,0,0,0,0,0,0,0,0,0,0,0,0,0.0082321,0,0
k__Bacteria|p__Proteobacteria|c__Betaproteobacteria|o__Burkholderiales|f__Alcaligenaceae|g__Achromobacter|s__Achromobacter_spanius,0,0,0,0,0,0,0,0,0,0,0,0,0,0,0,0,0,0,0,0,0,0.0538574,0,0
k__Bacteria|p__Proteobacteria|c__Betaproteobacteria|o__Burkholderiales|f__Burkholderiales_unclassified|g__Rhizobacter|s__Rhizobacter_gummiphilus,0,0,0.0011176,0,0,0,0,0,0,0,0.0339133,0,0.0557017,0,0,0,0,0,0,0,0,0,0,0
k__Bacteria|p__Proteobacteria|c__Betaproteobacteria|o__Burkholderiales|f__Comamonadaceae|g__Ramlibacter|s__Ramlibacter_sp_Leaf400,0.0181065,0.0114401,0,0,0,0,0,0,0,0,0,0,0,0,0,0,0,0,0,0,0,0,0,0
k__Bacteria|p__Proteobacteria|c__Betaproteobacteria|o__Burkholderiales|f__Comamonadaceae|g__Variovorax|s__Variovorax_paradoxus,0,0,0,0,0,0,0,0,0,0,0,0,0.0024204,0,0,0.0166894,0,0,0,0,0,0.0100772,0.0023574,0.0069916
k__Bacteria|p__Proteobacteria|c__Betaproteobacteria|o__Nitrosomonadales|f__Nitrosomonadaceae|g__Nitrosomonas|s__Nitrosomonas_communis,0.0139027,0.0465277,0.0614588,0.2477373,0.2317325,0.1982077,0.2600641,0.2824932,0.2230397,0.1250999,0.1509311,0.1274786,0.1476345,0.2211404,0.1862196,0.0873748,0.1644382,0.1402003,0.0749119,0.0675128,0.0666799,0.1132275,0.1062989,0.0630489
k__Bacteria|p__Proteobacteria|c__Betaproteobacteria|o__Nitrosomonadales|f__Nitrosomonadaceae|g__Nitrosomonas|s__Nitrosomonas_ureae,0,0,0,0,0,0,0,0,0,0,0,0,0,0,0,0,0,0,0,0,0,0,0,0.0074447
k__Bacteria|p__Proteobacteria|c__Betaproteobacteria|o__Nitrosomonadales|f__Nitrosomonadaceae|g__Nitrosospira|s__Nitrosospira_briensis,0,0,0,0.0121254,0.0052802,0.0061759,0.050287,0.0132009,0.0602103,0,0,0.0101434,0.0017502,0.012722,0,0.0055551,0,0,0.009983,0.0057768,0.010514,0.007006,0.0059297,0.008254
k__Bacteria|p__Proteobacteria|c__Betaproteobacteria|o__Nitrosomonadales|f__Nitrosomonadaceae|g__Nitrosospira|s__Nitrosospira_multiformis,0,0,0,0.0236488,0.014729,0.0062863,0.0519472,0.0401878,0.0754832,0.0135879,0.0142512,0.0145878,0.0058249,0.0297755,0.0137289,0.0152076,0.032937,0.007579,0.0481005,0.0216961,0.02706,0.0213492,0.0050803,0.0066269
k__Bacteria|p__Proteobacteria|c__Betaproteobacteria|o__Nitrosomonadales|f__Thiobacillaceae|g__Thiobacillus|s__Thiobacillus_denitrificans,0,0,0,0,0,0,0,0,0,0,0,0,0,0,0,0,0,0,0,0,0,0,0,0.012555
k__Bacteria|p__Proteobacteria|c__Deltaproteobacteria|o__Myxococcales|f__Archangiaceae|g__Archangium|s__Archangium_gephyra,0,0.0122458,0,0,0,0,0,0,0,0,0,0,0,0,0,0,0,0,0,0,0,0.023804,0,0
k__Bacteria|p__Proteobacteria|c__Deltaproteobacteria|o__Myxococcales|f__Archangiaceae|g__Cystobacter|s__Cystobacter_fuscus,0,0,0,0.0105265,0,0,0.0036391,0,0,0,0,0.0096246,0,0,0,0,0,0,0.0138439,0.0058516,0,0,0,0
k__Bacteria|p__Proteobacteria|c__Deltaproteobacteria|o__Myxococcales|f__Nannocystaceae|g__Nannocystis|s__Nannocystis_exedens,0.0435139,0.1669477,0.0800388,0.0730276,0.0452643,0.0694234,0.053778,0.0841205,0.0709508,0.0571412,0.0692869,0.0557586,0.0809892,0.0639874,0.0784712,0.0786868,0.0843489,0.0978106,0.0575218,0.0337154,0.0462884,0.1099988,0.1565736,0.185838
k__Bacteria|p__Proteobacteria|c__Deltaproteobacteria|o__Myxococcales|f__Polyangiaceae|g__Chondromyces|s__Chondromyces_crocatus,0,0,0,0,0,0,0,0,0,0,0,0,0,0,0,0,0,0,0.0017683,0,0,0,0,0
k__Bacteria|p__Proteobacteria|c__Deltaproteobacteria|o__Myxococcales|f__Polyangiaceae|g__Sorangium|s__Sorangium_cellulosum,0.073919,0.1580578,0.1924243,0.1739566,0.2996276,0.162195,0.151616,0.1514348,0.1735726,0.1040613,0.2022266,0.1772469,0.2084123,0.1725521,0.3119508,0.144598,0.2134435,0.1420323,0.1317933,0.1804285,0.0914062,0.2440721,0.2121557,0.2036416
k__Bacteria|p__Proteobacteria|c__Gammaproteobacteria|o__Enterobacterales|f__Enterobacteriaceae|g__Enterobacter|s__Enterobacter_mori,0,0,0,0,0,0,0,0,0,0.0288018,0,0,0,0,0,0,0,0,0,0,0,0,0,0
k__Bacteria|p__Proteobacteria|c__Gammaproteobacteria|o__Enterobacterales|f__Enterobacteriaceae|g__Leclercia|s__Leclercia_adecarboxylata,0,0,0,0,0,0,0,0,0,0,0,0,0,0,0,0,0,0,0,0,0,0,0,0.0122677
k__Bacteria|p__Proteobacteria|c__Gammaproteobacteria|o__Enterobacterales|f__Erwiniaceae|g__Pantoea|s__Pantoea_ananatis,0.0032134,0,0,0,0,0,0,0,0,0,0,0,0,0,0,0,0,0,0,0,0,0,0,0
k__Bacteria|p__Proteobacteria|c__Gammaproteobacteria|o__Enterobacterales|f__Erwiniaceae|g__Pantoea|s__Pantoea_dispersa,0.2624076,0,0,0,0,0,0,0,0,0,0,0,0,0,0,0,0,0,0,0,0,0,0,0
k__Bacteria|p__Proteobacteria|c__Gammaproteobacteria|o__Pseudomonadales|f__Moraxellaceae|g__Acinetobacter|s__Acinetobacter_pittii,0,0,0,0,0,0,0,0,0,0.1002837,0,0,0,0,0,0,0,0,0,0,0,0,0,0
k__Bacteria|p__Proteobacteria|c__Gammaproteobacteria|o__Pseudomonadales|f__Pseudomonadaceae|g__Azotobacter|s__Azotobacter_chroococcum,0,0.0116433,0.0228913,0,0,0,0,0,0,0,0,0,0,0,0,0,0,0,0,0,0,0,0,0
k__Bacteria|p__Proteobacteria|c__Gammaproteobacteria|o__Pseudomonadales|f__Pseudomonadaceae|g__Pseudomonas|s__Pseudomonas_putida_group,0.0134386,0,0,0,0,0,0,0,0,0,0,0,0,0,0,0,0,0,0,0,0,0,0,0
k__Bacteria|p__Proteobacteria|c__Gammaproteobacteria|o__Xanthomonadales|f__Xanthomonadaceae|g__Lysobacter|s__Lysobacter_antibioticus,0,0,0,0,0,0,0,0,0,0,0,0,0,0,0,0,0.0100185,0,0,0,0,0,0,0
k__Bacteria|p__Proteobacteria|c__Gammaproteobacteria|o__Xanthomonadales|f__Xanthomonadaceae|g__Lysobacter|s__Lysobacter_soli,0.0961798,0.1373884,0.3079327,0.1179563,0.1716222,0.2420628,0.1737806,0.0361969,0.1150008,0.2814037,0.3412066,0.2488888,0.2139458,0.1109964,0.0883416,0.1548473,0.0894872,0.1708006,0.0771397,0.1713684,0.0294856,0.0697536,0.106298,0.0784037
k__Bacteria|p__Proteobacteria|c__Gammaproteobacteria|o__Xanthomonadales|f__Xanthomonadaceae|g__Lysobacter|s__Lysobacter_sp_WF_2,0,0,0,0,0,0,0,0,0,0,0,0,0,0.076469,0,0,0,0,0,0,0,0,0,0
k__Bacteria|p__Proteobacteria|c__Gammaproteobacteria|o__Xanthomonadales|f__Xanthomonadaceae|g__Stenotrophomonas|s__Stenotrophomonas_maltophilia,0.0055055,0,0,0,0,0,0,0,0,0,0,0,0,0,0,0,0,0,0,0,0,0,0,0
k__Bacteria|p__Proteobacteria|c__Gammaproteobacteria|o__Xanthomonadales|f__Xanthomonadaceae|g__Stenotrophomonas|s__Stenotrophomonas_rhizophila,0.0170901,0.0077939,0,0,0,0,0,0,0,0,0,0,0,0,0,0.00316,0,0,0,0,0,0,0,0
k__Bacteria|p__Proteobacteria|c__Gammaproteobacteria|o__Xanthomonadales|f__Xanthomonadaceae|g__Xanthomonadaceae_unclassified|s__Pseudomonas_geniculata,0,0,0,0,0,0,0,0,0,0.0110842,0,0,0,0,0,0,0,0,0,0,0,0,0,0
k__Bacteria|p__Proteobacteria|c__Gammaproteobacteria|o__Xanthomonadales|f__Xanthomonadaceae|g__Xanthomonas|s__Xanthomonas_sp_Mitacek01,0.0448922,0,0,0,0,0,0,0,0,0,0,0,0,0,0,0,0,0,0,0,0,0,0,0
